{"app":["/app-0184b2977be1df3f1d1f.js"],"component---src-pages-404-js":["/component---src-pages-404-js-de147e2a411283ceee16.js"],"component---src-pages-datenschutz-js":["/component---src-pages-datenschutz-js-ae3dab2f5fba7982169c.js"],"component---src-pages-impressum-js":["/component---src-pages-impressum-js-0aec2fa045cc4510558a.js"],"component---src-pages-index-js":["/component---src-pages-index-js-078c599adbfdc8b5497b.js"],"component---src-pages-page-2-js":["/component---src-pages-page-2-js-1ae55bfac814b3281ce7.js"]}