{"errors":[],"warnings":[],"namedChunkGroups":{"app":{"chunks":[8,0,2],"assets":["webpack-runtime-6c0f3b9e10d115249ce1.js","webpack-runtime-6c0f3b9e10d115249ce1.js.map","commons-113c0c97a1cdbad3b0d8.js","commons-113c0c97a1cdbad3b0d8.js.map","app-0184b2977be1df3f1d1f.js","app-0184b2977be1df3f1d1f.js.map"],"children":{},"childAssets":{}},"component---src-pages-404-js":{"chunks":[1,0,3],"assets":["styles.9d6e622413d40d002250.css","styles-0e3ad26828a4548a266d.js","styles-0e3ad26828a4548a266d.js.map","commons-113c0c97a1cdbad3b0d8.js","commons-113c0c97a1cdbad3b0d8.js.map","component---src-pages-404-js-de147e2a411283ceee16.js","component---src-pages-404-js-de147e2a411283ceee16.js.map"],"children":{},"childAssets":{}},"component---src-pages-datenschutz-js":{"chunks":[1,0,4],"assets":["styles.9d6e622413d40d002250.css","styles-0e3ad26828a4548a266d.js","styles-0e3ad26828a4548a266d.js.map","commons-113c0c97a1cdbad3b0d8.js","commons-113c0c97a1cdbad3b0d8.js.map","component---src-pages-datenschutz-js-ae3dab2f5fba7982169c.js","component---src-pages-datenschutz-js-ae3dab2f5fba7982169c.js.map"],"children":{},"childAssets":{}},"component---src-pages-impressum-js":{"chunks":[1,0,5],"assets":["styles.9d6e622413d40d002250.css","styles-0e3ad26828a4548a266d.js","styles-0e3ad26828a4548a266d.js.map","commons-113c0c97a1cdbad3b0d8.js","commons-113c0c97a1cdbad3b0d8.js.map","component---src-pages-impressum-js-0aec2fa045cc4510558a.js","component---src-pages-impressum-js-0aec2fa045cc4510558a.js.map"],"children":{},"childAssets":{}},"component---src-pages-index-js":{"chunks":[1,0,6],"assets":["styles.9d6e622413d40d002250.css","styles-0e3ad26828a4548a266d.js","styles-0e3ad26828a4548a266d.js.map","commons-113c0c97a1cdbad3b0d8.js","commons-113c0c97a1cdbad3b0d8.js.map","component---src-pages-index-js-078c599adbfdc8b5497b.js","component---src-pages-index-js-078c599adbfdc8b5497b.js.map"],"children":{},"childAssets":{}},"component---src-pages-page-2-js":{"chunks":[1,0,7],"assets":["styles.9d6e622413d40d002250.css","styles-0e3ad26828a4548a266d.js","styles-0e3ad26828a4548a266d.js.map","commons-113c0c97a1cdbad3b0d8.js","commons-113c0c97a1cdbad3b0d8.js.map","component---src-pages-page-2-js-1ae55bfac814b3281ce7.js","component---src-pages-page-2-js-1ae55bfac814b3281ce7.js.map"],"children":{},"childAssets":{}}},"assetsByChunkName":{"app":["webpack-runtime-6c0f3b9e10d115249ce1.js","commons-113c0c97a1cdbad3b0d8.js","app-0184b2977be1df3f1d1f.js"],"component---src-pages-404-js":["styles.9d6e622413d40d002250.css","styles-0e3ad26828a4548a266d.js","commons-113c0c97a1cdbad3b0d8.js","component---src-pages-404-js-de147e2a411283ceee16.js"],"component---src-pages-datenschutz-js":["styles.9d6e622413d40d002250.css","styles-0e3ad26828a4548a266d.js","commons-113c0c97a1cdbad3b0d8.js","component---src-pages-datenschutz-js-ae3dab2f5fba7982169c.js"],"component---src-pages-impressum-js":["styles.9d6e622413d40d002250.css","styles-0e3ad26828a4548a266d.js","commons-113c0c97a1cdbad3b0d8.js","component---src-pages-impressum-js-0aec2fa045cc4510558a.js"],"component---src-pages-index-js":["styles.9d6e622413d40d002250.css","styles-0e3ad26828a4548a266d.js","commons-113c0c97a1cdbad3b0d8.js","component---src-pages-index-js-078c599adbfdc8b5497b.js"],"component---src-pages-page-2-js":["styles.9d6e622413d40d002250.css","styles-0e3ad26828a4548a266d.js","commons-113c0c97a1cdbad3b0d8.js","component---src-pages-page-2-js-1ae55bfac814b3281ce7.js"]}}