{"data":{"allProjectsJson":{"edges":[{"node":{"id":"bc37cd10-6f86-56cb-ac1f-5106c47fbf59","title":"InstaClone","description":"Projekt CS50","technologies":["Django","Dialogflow"],"image":{"id":"f4a73b12-fab0-5750-afdd-4886dfaf8635","childImageSharp":{"id":"0dba96a3-b9a7-525a-977e-891b773df17c","fluid":{"srcSet":"/static/2a418050a527c1491beafb2d7896c3a6/f836f/ent.jpg 200w,\n/static/2a418050a527c1491beafb2d7896c3a6/2244e/ent.jpg 400w,\n/static/2a418050a527c1491beafb2d7896c3a6/14b42/ent.jpg 800w,\n/static/2a418050a527c1491beafb2d7896c3a6/3dca8/ent.jpg 881w"}}}}}]}}}