{"data":{"allProjectsJson":{"edges":[{"node":{"id":"1","title":"Bücher Reviews","description":"Projekt CS50","technologies":["Flask","NES-CSS","PostgreSQL"],"image":{"id":"f4a73b12-fab0-5750-afdd-4886dfaf8635","childImageSharp":{"id":"0dba96a3-b9a7-525a-977e-891b773df17c","original":{"src":"/static/ent-2a418050a527c1491beafb2d7896c3a6.jpg"}}}}},{"node":{"id":"2","title":"InstaClone","description":"Projekt CS50","technologies":["Django","Dialogflow"],"image":{"id":"f4a73b12-fab0-5750-afdd-4886dfaf8635","childImageSharp":{"id":"0dba96a3-b9a7-525a-977e-891b773df17c","original":{"src":"/static/ent-2a418050a527c1491beafb2d7896c3a6.jpg"}}}}},{"node":{"id":"3","title":"I`M ENTERTAINMENT","description":"Custom Theme für die Eventagentur I`M ENTERTAINMENT. Neber der technischen Umsetzung wurde auch das Design der Seite erstellt. Highlight der Seite ist die Herosection, welche der Seite durch den Parallax-Effekte einen besonderen Touch verleiht.","technologies":["Wordpress","Bootstrap","GSAP","Skrollr"],"image":{"id":"f4a73b12-fab0-5750-afdd-4886dfaf8635","childImageSharp":{"id":"0dba96a3-b9a7-525a-977e-891b773df17c","original":{"src":"/static/ent-2a418050a527c1491beafb2d7896c3a6.jpg"}}}}}]}}}