{"data":{"allArchiveJson":{"edges":[{"node":{"id":"1","title":"New York Times API","description":"Fetching and displaying all stories from the Ney York Times API","technologies":["Flask","NES-CSS","PostgreSQL"],"github":"/hh","live":"teys"}},{"node":{"id":"2","title":"Book Review App","description":"Fetching and displaying all stories from the Ney York Times API","technologies":["Flask","NES-CSS","PostgreSQL"],"github":"fd","live":"df"}},{"node":{"id":"3","title":"CloudChat","description":"Real time messanger. This version supports creating rooms and exchanging files","technologies":["Flask","JQuery","Socket-IO"],"github":"/hh","live":"fd"}},{"node":{"id":"4","title":"Pizza Delivery","description":"Webapplication to order pizza online. Support admin-view, where pizzas can be added and orders can be viewed. This is great! Yes sdfddddddddddddddddddddddddddd","technologies":["Django","JQuery","PostgreSQL","Docker"],"github":"/hh","live":"fd"}},{"node":{"id":"5","title":"Pizza Delivery","description":"Webapplication to order pizza online. Support admin-view, where pizzas can be added and orders can be viewed","technologies":["Django","JQuery","PostgreSQL","Docker"],"github":"/hh","live":"fd"}},{"node":{"id":"6","title":"Calculator React","description":"Webapplication to order pizza online. Support admin-view, where pizzas can be added and orders can be viewed","technologies":["React"],"github":"/hh","live":"fd"}},{"node":{"id":"7","title":"Galen Framework","description":"Check the layout of webpages","technologies":["Java, JavaFX"],"github":"/hh","live":"fd"}},{"node":{"id":"8","title":"Greensock Animation and Page Transition","description":"Copy of 'BuildinAmsterdam","technologies":["Java, JavaFX"],"github":"/hh","live":"fd"}},{"node":{"id":"9","title":"InstaBot","description":"Copy of 'BuildinAmsterdam","technologies":["Java, JavaFX"],"github":"/hh","live":"fd"}},{"node":{"id":"10","title":"React Votings App","description":"Copy of 'BuildinAmsterdam","technologies":["Java, JavaFX"],"github":"/hh","live":"fd"}},{"node":{"id":"11","title":"React E-Commerce","description":"Copy of 'BuildinAmsterdam","technologies":["Java, JavaFX"],"github":"/hh","live":"fd"}},{"node":{"id":"12","title":"Boilerplate WordPress and Webpack","description":"Copy of 'BuildinAmsterdam","technologies":["Java, JavaFX"],"github":"/hh","live":"fd"}},{"node":{"id":"13","title":"SAP UI5","description":"Copy of 'BuildinAmsterdam","technologies":["Java, JavaFX"],"github":"/hh","live":"fd"}}]}}}